{"Year":[1999,2003,2007,2011,2015],"Value":[90.07415859,93.547,92.55402794,93.915,93.863]}