Year,Value
2001,99.936
2003,99.9197
2005,99.9421
2007,99.9902
2009,99.9843
2011,99.972854
2013,99.945793
2015,99.891902
2017,99.902865
2019,99.921978
2021,99.937036
