{"data":{"Year":[2001,2003,2005,2007,2009,2011,2013,2015,2017,2019,2021,2001,2003,2005,2007,2009,2011,2013,2015,2017,2019,2021,2001,2003,2005,2007,2009,2011,2013,2015,2017,2019,2021],"severity":["md_inadqt_hs","md_inadqt_hs","md_inadqt_hs","md_inadqt_hs","md_inadqt_hs","md_inadqt_hs","md_inadqt_hs","md_inadqt_hs","md_inadqt_hs","md_inadqt_hs","md_inadqt_hs","sv_inadqt_hs","sv_inadqt_hs","sv_inadqt_hs","sv_inadqt_hs","sv_inadqt_hs","sv_inadqt_hs","sv_inadqt_hs","sv_inadqt_hs","sv_inadqt_hs","sv_inadqt_hs","sv_inadqt_hs","all_inadqt_hs","all_inadqt_hs","all_inadqt_hs","all_inadqt_hs","all_inadqt_hs","all_inadqt_hs","all_inadqt_hs","all_inadqt_hs","all_inadqt_hs","all_inadqt_hs","all_inadqt_hs"],"Value":[3.99742,3.81708,3.57281,3.78186,3.71077,3.83114,3.69158,4.22536,3.608691196,3.454566,3.68612,2.05732,1.94087,1.88559,1.75856,1.82668,2.00207,1.85935,1.25475,1.081274982,1.18209,1.425222,6.05474,5.75795,5.4584,5.54042,5.53745,5.8332,5.55093,5.48011,4.689966178,4.636656,5.111342]},"edges":[]}