Year,Value
2001,6.05474
2003,5.75795
2005,5.4584
2007,5.54042
2009,5.53745
2011,5.8332
2013,5.55093
2015,5.48011
2017,4.689966178
