Year,Value
2010,3.603699044
2011,3.675432312
2012,3.774182894
2013,3.878946963
2014,3.974037821
2015,4.084931928
2016,4.214091791
