Year,Value
1999,90.07415859
2003,93.547
2007,92.55402794
2011,93.915
2015,93.863
2017,93.45
2020,92.6
