{"data":{"Year":[2010,2011,2012,2013,2014,2015,2016,2010,2011,2012,2013,2014,2015,2016,2010,2011,2012,2013,2014,2015,2016],"status":[null,null,null,null,null,null,null,"healthworker_dist_metro","healthworker_dist_metro","healthworker_dist_metro","healthworker_dist_metro","healthworker_dist_metro","healthworker_dist_metro","healthworker_dist_metro","healthworker_dist_nonmetro","healthworker_dist_nonmetro","healthworker_dist_nonmetro","healthworker_dist_nonmetro","healthworker_dist_nonmetro","healthworker_dist_nonmetro","healthworker_dist_nonmetro"],"Value":[3.603699044,3.675432312,3.774182894,3.878946963,3.974037821,4.084931928,4.214091791,3.9119861,3.985849268,4.088516058,4.19816281,4.296919716,4.412553466,4.54925668,1.847955452,1.889607143,1.946625119,2.00602751,2.058692532,2.122013423,2.190640186]},"edges":[]}