{"data":{"Year":[2001,2003,2005,2007,2009,2011,2013,2015,2017,2019,2021],"Value":[99.936,99.9197,99.9421,99.9902,99.9843,99.972854,99.945793,99.891902,99.902865,99.921978,99.937036]},"edges":[]}